becbf99a-7d0b-11ed-930b-acde48001122,hrithik,udiksha,hrithik
b91c8bd6-7d10-11ed-b1a5-acde48001122,Hrithik,bot,Hrithik
2196e9ea-7dde-11ed-878d-acde48001122,Simran,bot,Simran
7046efd6-7dde-11ed-af4d-acde48001122,Kasu,bot,-
7046efd6-7dde-11ed-af4d-acde48001122,Kasu,bot,-
7046efd6-7dde-11ed-af4d-acde48001122,Kasu,bot,Kasu
7046efd6-7dde-11ed-af4d-acde48001122,Kasu,bot,-
7046efd6-7dde-11ed-af4d-acde48001122,Kasu,bot,Kasu
7a012776-7dde-11ed-af4d-acde48001122,shaba,bot,-
7046efd6-7dde-11ed-af4d-acde48001122,Kasu,bot,-
7046efd6-7dde-11ed-af4d-acde48001122,Kasu,bot,Kasu
7a012776-7dde-11ed-af4d-acde48001122,shaba,bot,-
7a012776-7dde-11ed-af4d-acde48001122,shaba,bot,shaba
fc72f846-7f1a-11ed-be15-acde48001122,Hrithik,bot,Hrithik
85fc1638-7f1b-11ed-82b4-acde48001122,Hrithik,bot,Hrithik
85fc1638-7f1b-11ed-82b4-acde48001122,Hrithik,bot,Hrithik
ca460732-8192-4d71-8386-32ebaf43533c,asd,bot,asd
85fc1638-7f1b-11ed-82b4-acde48001122,Hrithik,bot,Hrithik
ca460732-8192-4d71-8386-32ebaf43533c,asd,bot,asd
71f03288-3735-428c-ac04-f325ded8ef5a,hrithik,raj,hrithik
85fc1638-7f1b-11ed-82b4-acde48001122,Hrithik,bot,Hrithik
ca460732-8192-4d71-8386-32ebaf43533c,asd,bot,asd
71f03288-3735-428c-ac04-f325ded8ef5a,hrithik,raj,hrithik
71f03288-3735-428c-ac04-f325ded8ef5a,hrithik,raj,hrithik
85fc1638-7f1b-11ed-82b4-acde48001122,Hrithik,bot,Hrithik
ca460732-8192-4d71-8386-32ebaf43533c,asd,bot,asd
71f03288-3735-428c-ac04-f325ded8ef5a,hrithik,raj,hrithik
71f03288-3735-428c-ac04-f325ded8ef5a,hrithik,raj,hrithik
0092b763-c22d-473e-8dc8-cb75221dee30,Hrithik,bot,-
85fc1638-7f1b-11ed-82b4-acde48001122,Hrithik,bot,Hrithik
ca460732-8192-4d71-8386-32ebaf43533c,asd,bot,asd
71f03288-3735-428c-ac04-f325ded8ef5a,hrithik,raj,hrithik
71f03288-3735-428c-ac04-f325ded8ef5a,hrithik,raj,hrithik
0092b763-c22d-473e-8dc8-cb75221dee30,Hrithik,bot,-
715a1e3a-e1e1-4aaf-a310-205f2c78bb57,Nam,bot,Nam
b08a6931-bd06-4882-bd5c-5bccb2916b87,Hrithik,Kaushik,Kaushik
b08a6931-bd06-4882-bd5c-5bccb2916b87,Hrithik,Kaushik,Kaushik
b08a6931-bd06-4882-bd5c-5bccb2916b87,Hrithik,Kaushik,Kaushik
8e73d5b2-08f9-4b87-997a-d822b60155bc,Hrithik,bot,Hrithik
e7b9f3b9-6d6f-4fd4-b7a8-15bb55c321a7,Raj,bot,Raj
e7b9f3b9-6d6f-4fd4-b7a8-15bb55c321a7,Raj,bot,Raj
408dc3a9-3fcb-4b8c-9b92-0a79845feb07,Raj,bot,Raj
90bd4dd8-7f36-11ed-852b-acde48001122,Hrithik,Raj,Hrithik
